{"accuracy": [0.6080802083015442, 0.8659363985061646, 0.9170922636985779, 0.9410200119018555, 0.9559001326560974, 0.9663418531417847, 0.9723877906799316, 0.9763425588607788, 0.9797567129135132, 0.9820613265037537], "loss": [1.340330719947815, 0.4226810336112976, 0.25780704617500305, 0.17965546250343323, 0.13508617877960205, 0.10260026156902313, 0.0841991975903511, 0.07328568398952484, 0.0629047304391861, 0.05497009679675102], "val_accuracy": [0.8195993900299072, 0.8966537714004517, 0.9202139973640442, 0.9409287571907043, 0.9272706508636475, 0.9595947861671448, 0.965627133846283, 0.9469610452651978, 0.9605622291564941, 0.9522535800933838], "val_loss": [0.5667716264724731, 0.3162101209163666, 0.25013524293899536, 0.185048446059227, 0.24779172241687775, 0.1274743229150772, 0.10993506759405136, 0.18275584280490875, 0.1356440931558609, 0.1638326346874237]}